4;1;1073;2
2;1;976;1
5;1;3385;2
9;1;1540;3
5;2;3945;2
9;2;4889;3
2;2;533;1
10;2;9715;3
6;2;6843;2
4;2;1823;2
5;3;12559;2
6;3;7757;2
7;3;3251;2
3;3;4208;1
10;3;5201;3
4;3;20090;2
7;4;900;2
9;3;18862;3
10;4;5150;3
3;4;53;1
2;4;13493;1
5;4;7950;2
4;4;9759;2
9;4;11291;3
2;5;246;1
4;5;3333;2
9;5;5980;3
10;5;4789;3
6;5;6400;2
3;5;9455;1
7;5;8731;2
5;5;19151;2
9;6;10951;3
3;6;237;1
5;6;5400;2
4;6;7041;2
2;6;9771;1
2;7;280;1
10;6;22791;3
7;6;16671;2
6;6;20562;2
10;7;11416;3
3;7;698;1
4;7;1162;2
9;7;6392;3
5;7;4424;2
7;7;20728;2
7;8;3387;2
8;7;11748;3
4;8;5398;2
2;8;1144;1
6;8;862;2
3;8;144;1
5;8;8922;2
10;8;14176;3
9;8;14741;3
9;9;9031;3
2;9;698;1
10;9;548;3
4;9;1600;2
6;9;1410;2
5;9;1587;2
7;9;1011;2
3;9;186;1
8;9;3088;3
8;10;1818;3
6;10;1238;2
7;10;3410;2
3;10;2967;1
10;10;7307;3
4;10;9559;2
2;10;5294;1
9;10;4596;3
5;10;4435;2
7;11;1776;2
10;11;1499;3
6;11;1583;2
2;11;655;1
9;11;4312;3
4;11;4656;2
5;11;3703;2
3;11;10132;1
3;12;4821;1
8;11;13307;3
2;12;11443;1
9;12;9700;3
7;12;8999;2
4;12;13138;2
8;12;2063;3
10;12;3068;3
6;12;3170;2
4;13;1200;2
2;13;202;1
3;13;1390;1
5;13;1387;2
6;13;5175;2
10;13;2285;3
7;13;1120;2
8;13;16810;3
9;13;4250;3
9;14;1399;3
2;14;930;1
10;14;1489;3
5;14;1062;2
7;14;230;2
8;14;6429;3
6;14;1517;2
4;14;1532;2
3;14;423;1
3;15;274;1
6;15;1075;2
9;15;2857;3
2;15;1142;1
7;15;1472;2
10;15;2651;3
4;15;3253;2
8;15;5570;3
5;15;7442;2
8;16;9607;3
9;16;1685;3
5;16;9485;2
4;16;4917;2
2;16;574;1
7;16;22113;2
3;16;10835;1
6;16;5638;2
10;16;9772;3
9;17;13332;3
2;17;1314;1
4;17;685;2
3;17;7023;1
8;17;18019;3
5;17;7922;2
4;18;6965;2
5;18;6305;2
9;18;2076;3
8;18;2054;3
2;18;591;1
6;17;39882;2
7;17;41451;2
3;18;28279;1
10;17;9154;3
6;19;17916;2
2;19;10800;1
5;19;17200;2
8;19;26953;3
7;18;52122;2
7;19;27307;2
4;19;35671;2
9;19;18471;3
8;20;14353;3
6;21;5889;2
3;21;4163;1
10;20;10790;3
3;22;854;1
10;21;1740;3
6;22;16138;2
10;22;5161;3
3;23;2674;1
6;23;3046;2
3;24;37;1
2;24;197;1
6;24;6095;2
10;23;9836;3
5;24;11813;2
10;24;2577;3
5;25;2342;2
3;25;6610;1
2;25;9431;1
4;25;14411;2
2;26;7309;1
8;26;2665;3
6;25;26297;2
10;25;10348;3
6;26;9165;2
5;26;13426;2
3;26;7089;1
3;27;1209;1
10;26;1787;3
9;26;31713;3
4;26;16344;2
2;27;6681;1
9;27;6983;3
5;27;8945;2
4;27;17888;2
6;27;17140;2
10;27;6154;3
3;28;6963;1
8;27;33694;3
2;28;6701;1
6;28;6093;2
6;29;1510;2
9;28;29891;3
3;29;5083;1
8;28;31562;3
10;28;5630;3
6;30;2323;2
3;30;1145;1
5;30;7681;2
10;29;8175;3
10;30;5427;3
7;31;4897;2
5;31;6509;2
2;31;16820;1
5;32;8731;2
3;31;19548;1
6;31;31057;2
2;32;39;1
3;32;149;1
3;33;23926;1
5;33;24145;2
2;33;10365;1
2;34;7474;1
7;33;30315;2
3;34;24766;1
5;34;7152;2
7;34;21752;2
10;34;5296;3
3;35;3220;1
7;35;6744;2
6;35;8126;2
7;36;706;2
3;36;4513;1
5;35;31357;2
2;36;15823;1
4;36;6225;2
6;36;12391;2
10;35;13684;3
5;36;8755;2
2;37;307;1
5;37;10840;2
10;36;2230;3
9;36;36512;3
7;37;23059;2
6;37;15374;2
7;38;4280;2
9;37;28469;3
4;37;27420;2
5;38;14174;2
6;38;8546;2
10;37;11342;3
8;39;13839;3
2;39;11782;1
7;39;14342;2
10;38;9903;3
5;39;16763;2
9;39;12506;3
8;40;6070;3
3;39;14372;1
5;40;6051;2
2;40;6198;1
3;40;9557;1
6;40;6130;2
10;39;12712;3
7;40;7370;2
9;40;13672;3
4;40;10818;2
9;41;19501;3
6;41;15180;2
3;41;5264;1
5;41;21796;2
4;41;10264;2
7;41;7290;2
6;42;8565;2
3;42;308;1
7;42;2874;2
8;41;27072;3
8;42;17542;3
4;42;14431;2
9;42;9735;3
5;42;937;2
2;42;3704;1
10;41;9804;3
7;43;2128;2
5;43;4644;2
9;43;12121;3
4;43;8853;2
2;43;18983;1
9;44;8802;3
4;44;1056;2
8;44;14038;3
3;43;26248;1
10;42;39100;3
3;44;1166;1
5;44;2291;2
6;43;19958;2
2;45;860;1
6;44;12596;2
3;45;132;1
5;45;15422;2
9;45;13491;3
4;45;9362;2
5;46;321;2
2;46;1095;1
4;46;1017;2
7;45;26988;2
10;44;20557;3
3;46;11258;1
9;46;1513;3
8;46;4390;3
6;45;7665;2
7;46;16261;2
10;45;5149;3
3;47;474;1
8;47;1634;3
7;47;1104;2
5;47;1206;2
4;47;1755;2
2;47;310;1
9;47;1099;3
10;46;1323;3
6;46;1831;2
8;48;2064;3
2;48;3016;1
9;48;8549;3
7;48;8636;2
10;47;9017;3
3;48;6169;1
10;47;11488;3
6;47;1243;2
2;49;358;1
3;49;61;1
10;48;3831;3
6;48;4150;2
7;49;5215;2
4;48;26775;2
8;49;24430;3
4;49;23347;2
5;48;28377;2
9;50;1199;3
4;50;856;2
8;50;1046;3
10;49;2649;3
2;50;243;1
7;50;2055;2
3;50;993;1
5;50;631;2
6;49;973;2
3;51;187;1
6;50;845;2
8;51;2690;3
2;51;587;1
9;51;2455;3
10;50;4214;3
4;51;1324;2
5;51;1593;2
7;51;10175;2
7;52;1135;2
3;52;71;1
10;51;2276;3
8;52;1678;3
5;52;1718;2
6;51;1806;2
4;52;915;2
2;52;255;1
9;52;1088;3
4;53;748;2
2;53;1007;1
5;53;493;2
3;53;220;1
9;53;16199;3
7;53;6466;2
10;52;10464;3
6;52;19455;2
6;53;19180;2
5;54;17648;2
2;54;14435;1
10;53;3507;3
3;54;9828;1
7;54;12069;2
6;54;6001;2
8;55;5422;3
4;55;8760;2
2;55;6660;1
7;55;13366;2
10;54;12221;3
9;55;13030;3
5;55;11661;2
9;56;4951;3
3;56;102;1
2;56;112;1
6;55;1474;2
5;56;17131;2
8;56;4735;3
10;55;12801;3
2;57;6484;1
4;57;11223;2
9;57;11034;3
10;56;17783;3
3;57;13544;1
8;57;13340;3
7;58;7622;2
6;56;11256;2
4;58;570;2
5;57;23009;2
8;58;9695;3
5;58;2679;2
2;58;135;1
3;58;245;1
9;58;2259;3
6;57;1180;2
3;59;635;1
6;58;8091;2
10;57;12976;3
7;59;21911;2
8;59;10609;3
4;59;16108;2
9;59;19687;3
5;59;16066;2
2;60;9175;1
5;60;5777;2
4;60;4826;2
9;60;1328;3
7;60;21844;2
8;60;4378;3
10;59;4119;3
3;60;1110;1
6;59;461;2
10;60;7473;3
3;61;5289;1
7;61;6522;2
2;61;26250;1
4;61;19063;2
9;61;17018;3
5;61;11109;2
8;62;3074;3
9;62;1729;3
2;62;227;1
4;62;3747;2
3;62;3957;1
10;61;6631;3
5;62;1516;2
6;61;15993;2
2;63;10096;1
5;63;3497;2
7;62;20678;2
10;62;2301;3
9;63;1333;3
3;63;332;1
8;63;1650;3
6;62;786;2
4;63;6427;2
2;64;2683;1
6;63;874;2
5;64;12498;2
9;64;15794;3
8;64;14436;3
3;64;14141;1
10;63;11864;3
4;64;1353;2
7;64;664;2
9;65;4594;3
2;65;5814;1
6;64;9442;2
4;65;2726;2
3;65;9399;1
7;65;2518;2
10;64;2342;3
5;65;3527;2
8;65;3165;3
6;65;506;2
8;66;2315;3
2;66;409;1
4;66;2527;2
9;66;2908;3
3;66;219;1
7;66;7042;2
10;65;11758;3
5;66;10787;2
8;67;910;3
3;67;181;1
9;67;16545;3
10;66;13871;3
7;67;12583;2
3;68;5056;1
2;67;24982;1
5;67;25549;2
4;67;13596;2
2;68;5999;1
6;67;3345;2
8;68;8685;3
7;68;1131;2
4;68;902;2
5;68;1418;2
9;68;3229;3
2;69;851;1
3;69;871;1
9;69;1153;3
7;69;1623;2
8;69;2309;3
6;68;558;2
5;69;2009;2
4;69;4002;2
10;67;56556;3
10;68;11190;3
10;69;9243;3
2;70;11474;1
4;70;19448;2
5;70;12909;2
9;70;34507;3
6;69;17463;2
7;70;22190;2
6;70;6958;2
4;71;14820;2
5;71;8962;2
8;71;10090;3
2;71;7280;1
9;71;823;3
10;70;1088;3
9;72;2017;3
5;72;1525;2
4;72;1100;2
8;72;3943;3
2;72;5493;1
6;71;9698;2
10;71;9598;3
3;72;747;1
7;72;1543;2
9;73;1866;3
7;73;1417;2
6;72;6693;2
3;73;895;1
8;73;7166;3
4;73;1108;2
2;73;858;1
10;72;2248;3
5;73;4079;2
6;73;1065;2
7;74;918;2
3;74;106;1
5;74;1540;2
9;74;1905;3
8;74;1021;3
2;74;98;1
10;73;1657;3
4;74;8322;2
2;75;1078;1
4;75;1852;2
8;75;2313;3
3;75;728;1
7;75;10030;2
10;74;8355;3
6;74;6464;2
6;75;618;2
10;75;3744;3
5;75;14040;2
2;76;7489;1
5;76;3004;2
9;76;8164;3
3;76;6844;1
8;76;9954;3
7;76;8435;2
4;76;785;2
9;77;4861;3
2;77;4597;1
5;77;4724;2
3;77;12219;1
8;77;5753;3
7;77;14255;2
10;76;2763;3
6;76;2138;2
4;77;11339;2
4;78;3688;2
10;77;10190;3
7;78;9084;2
6;77;7311;2
2;78;2380;1
8;78;6757;3
3;78;4232;1
9;78;9204;3
5;78;7996;2
10;78;1679;3
2;79;108;1
6;78;649;2
4;79;2607;2
3;79;4061;1
7;79;1551;2
5;79;6672;2
3;80;619;1
6;79;7595;2
7;80;7884;2
9;79;25481;3
8;79;24517;3
5;80;1419;2
9;80;9095;3
8;80;4548;3
10;79;3567;3
4;80;1021;2
2;80;543;1
6;80;1375;2
2;81;745;1
3;81;82;1
4;81;593;2
9;81;2053;3
8;81;2635;3
5;81;1102;2
10;80;1683;3
7;81;739;2
3;82;67;1
7;82;2096;2
9;82;1982;3
2;82;846;1
8;82;4921;3
4;82;1353;2
5;82;1852;2
3;83;485;1
2;83;745;1
8;83;883;3
6;81;8531;2
10;81;9566;3
7;83;1332;2
4;83;455;2
6;82;1735;2
3;84;327;1
5;83;14646;2
6;83;9984;2
9;84;8263;3
4;84;11847;2
8;84;5477;3
5;84;4460;2
7;84;11473;2
10;83;8686;3
2;84;6709;1
8;85;10691;3
2;85;6431;1
10;84;9749;3
5;85;6766;2
4;85;9199;2
3;85;1190;1
7;85;9351;2
6;84;10764;2
9;85;1217;3
10;85;2436;3
6;85;725;2
7;86;1325;2
9;86;3007;3
2;86;903;1
4;86;5024;2
5;86;2918;2
8;86;4682;3
3;86;211;1
8;87;2037;3
2;87;1025;1
3;87;968;1
4;87;1170;2
10;86;1612;3
6;86;1519;2
5;87;1738;2
7;87;3854;2
9;87;8003;3
9;88;6199;3
10;87;1296;3
5;88;1154;2
3;88;879;1
2;88;543;1
8;88;20153;3
4;88;1407;2
7;88;4571;2
8;89;3279;3
6;87;7317;2
7;89;5708;2
3;89;563;1
4;89;6510;2
2;89;8174;1
9;89;4766;3
5;89;7152;2
10;88;15920;3
8;90;10993;3
9;90;11431;3
7;90;1488;2
2;90;5563;1
3;90;660;1
5;90;12982;2
4;90;9349;2
6;89;7630;2
5;91;1126;2
7;91;3782;2
2;91;370;1
8;91;11796;3
4;91;9307;2
3;91;419;1
6;90;6050;2
10;90;5543;3
9;91;8204;3
3;92;35;1
8;92;1158;3
6;91;2169;2
7;92;1591;2
5;92;1856;2
2;92;247;1
9;92;2789;3
9;93;1340;3
2;93;647;1
10;91;12943;3
7;93;6227;2
3;93;739;1
4;93;381;2
8;93;8113;3
6;92;15124;2
8;94;9458;3
9;94;6561;3
5;94;8835;2
10;92;18344;3
10;93;17223;3
6;93;12330;2
3;94;710;1
4;94;943;2
2;94;1335;1
7;94;582;2
3;95;7302;1
4;95;10346;2
8;95;8311;3
10;94;13975;3
6;94;12303;2
2;95;18554;1
5;95;1606;2
7;95;1400;2
9;95;2653;3
2;96;53;1
8;96;1108;3
7;96;5661;2
10;95;8281;3
6;95;3626;2
3;96;642;1
9;96;10329;3
2;97;719;1
4;96;11224;2
10;96;8251;3
3;97;8657;1
9;97;18870;3
5;97;10975;2
8;97;3330;3
7;97;7735;2
4;97;721;2
9;98;1111;3
8;98;1792;3
6;96;8708;2
7;98;4218;2
6;97;1396;2
2;98;103;1
5;98;1693;2
3;98;444;1
10;97;1869;3
4;98;5515;2
2;99;6738;1
8;99;2450;3
7;99;5586;2
9;99;1908;3
5;99;3277;2
6;98;11955;2
10;98;1128;3
4;99;2156;2
3;99;347;1
6;99;890;2
3;100;523;1
4;100;4230;2
9;100;5023;3
5;100;345;2
10;99;2009;3
8;100;4749;3
2;100;5225;1
7;100;8573;2
3;101;397;1
5;101;5215;2
8;101;6652;3
9;101;746;3
2;101;255;1
6;100;4207;2
7;101;19756;2
4;101;11292;2
10;100;1480;3
5;102;376;2
3;102;639;1
9;102;3871;3
2;102;579;1
7;102;1820;2
6;101;2966;2
8;102;1562;3
4;102;1878;2
10;101;1994;3
6;102;563;2
7;103;2786;2
10;102;1206;3
2;103;237;1
3;103;636;1
9;103;1042;3
5;103;1326;2
4;103;990;2
8;103;1158;3
9;104;1051;3
10;103;2155;3
7;104;446;2
3;104;797;1
5;104;1707;2
8;104;2987;3
2;104;858;1
6;103;5977;2
3;105;3510;1
4;104;14728;2
6;104;2251;2
4;105;2014;2
5;105;813;2
2;105;584;1
8;105;1962;3
9;105;1885;3
10;104;1853;3
7;105;883;2
4;106;13761;2
9;106;8106;3
2;106;2227;1
8;106;11049;3
7;106;15401;2
10;105;16307;3
3;106;8174;1
6;105;9247;2
10;106;1251;3
4;107;1219;2
8;107;306;3
5;107;1022;2
7;107;839;2
3;107;492;1
6;106;887;2
9;107;2199;3
2;107;727;1
5;108;857;2
8;108;2309;3
10;107;1290;3
2;108;847;1
9;108;3102;3
3;108;4341;1
7;108;5809;2
6;107;666;2
4;108;1468;2
9;109;4272;3
2;109;6136;1
8;109;2838;3
3;109;9551;1
10;108;5843;3
6;108;6001;2
4;109;1010;2
7;109;1312;2
5;109;2518;2
8;110;776;3
4;110;1873;2
7;110;503;2
3;110;153;1
9;110;1544;3
2;110;780;1
10;109;6187;3
6;109;5186;2
5;110;6389;2
4;111;3968;2
7;111;3937;2
2;111;332;1
8;111;3289;3
6;110;1459;2
9;111;5773;3
5;111;1529;2
3;111;1116;1
10;110;9770;3
10;111;1371;3
2;112;7996;1
4;112;5706;2
5;112;3080;2
8;112;939;3
9;112;2096;3
3;112;918;1
6;111;3103;2
9;113;13249;3
5;113;12672;2
8;113;4408;3
3;113;13920;1
4;113;4374;2
2;114;3466;1
6;112;31993;2
10;112;24038;3
10;113;14141;3
7;114;4696;2
6;113;3159;2
8;114;20193;3
5;114;17937;2
4;114;13021;2
3;114;11526;1
5;115;1166;2
10;114;6477;3
2;115;6657;1
9;115;6675;3
7;115;21258;2
6;114;4533;2
3;115;3631;1
8;115;11575;3
10;115;7801;3
5;116;19010;2
6;115;11679;2
7;116;13153;2
3;116;7950;1
2;116;31647;1
9;116;36305;3
8;116;24030;3
4;116;18735;2
9;117;7544;3
3;117;12692;1
6;116;7396;2
7;117;1392;2
8;117;2764;3
2;117;1807;1
10;116;1730;3
9;118;2827;3
6;117;926;2
8;118;6361;3
2;118;2784;1
3;118;7411;1
10;117;11791;3
7;118;4467;2
6;118;4453;2
7;119;6145;2
5;118;15540;2
4;118;12621;2
8;119;4873;3
3;119;337;1
9;119;3127;3
4;119;3336;2
2;119;678;1
10;118;1800;3
5;119;1030;2
7;120;1336;2
8;120;1419;3
9;120;2686;3
3;120;518;1
5;120;482;2
2;120;5820;1
4;120;3247;2
6;119;7142;2
10;119;1555;3
7;121;1094;2
4;121;1029;2
3;121;556;1
9;121;2801;3
2;121;2834;1
8;121;1889;3
6;120;3978;2
10;120;2064;3
5;121;1465;2
2;122;182;1
4;122;1575;2
7;122;429;2
6;121;996;2
3;122;326;1
10;121;776;3
5;122;594;2
8;122;1731;3
9;122;1407;3
7;123;966;2
6;122;1242;2
5;123;1340;2
2;123;61;1
10;122;7423;3
3;123;660;1
9;123;2888;3
8;123;4080;3
4;123;2332;2
3;124;222;1
8;124;858;3
6;123;4084;2
2;124;104;1
5;124;8516;2
7;124;4969;2
10;123;4783;3
4;124;365;2
9;124;3586;3
8;125;2250;3
2;125;561;1
5;125;4298;2
9;125;2773;3
10;124;9136;3
4;125;9803;2
6;124;1580;2
3;125;1380;1
7;125;644;2
2;126;193;1
3;126;878;1
10;125;1794;3
7;126;3551;2
9;126;2045;3
4;126;953;2
8;126;1418;3
5;126;954;2
6;125;1589;2
2;127;910;1
9;127;3685;3
8;127;12405;3
5;127;6697;2
3;127;16473;1
6;126;22764;2
4;127;9412;2
5;128;8429;2
4;128;3522;2
8;128;8074;3
2;128;6445;1
9;128;4526;3
7;127;30008;2
10;127;25625;3
6;127;13188;2
3;128;12641;1
7;129;1586;2
9;129;2161;3
2;129;529;1
6;128;1219;2
3;129;97;1
4;129;1098;2
5;129;2633;2
8;129;2037;3
10;128;1382;3
3;130;278;1
10;129;1707;3
8;130;1172;3
4;130;929;2
5;130;1049;2
7;130;1870;2
6;129;699;2
2;130;572;1
9;130;2262;3
3;131;641;1
8;131;7464;3
10;130;4053;3
5;131;7642;2
9;131;11536;3
6;130;6402;2
4;131;5212;2
2;131;4025;1
7;131;6683;2
7;132;1127;2
6;131;1407;2
8;132;10582;3
2;132;4959;1
5;132;5230;2
4;132;5349;2
10;131;16735;3
3;132;8811;1
6;132;9212;2
4;133;14790;2
10;132;1384;3
5;133;17925;2
9;133;6011;3
7;133;5637;2
2;133;7203;1
8;133;8640;3
4;134;871;2
7;134;1163;2
3;134;221;1
6;133;1313;2
2;134;436;1
10;133;1778;3
8;134;8772;3
9;134;9854;3
5;135;503;2
2;135;804;1
10;134;5453;3
9;135;3870;3
6;134;1401;2
3;135;2566;1
8;135;4732;3
7;135;1580;2
4;135;650;2
3;136;624;1
5;136;621;2
10;135;2483;3
2;136;384;1
4;136;1151;2
9;136;1293;3
8;136;1819;3
7;136;1493;2
5;137;13088;2
4;137;9982;2
2;137;8433;1
9;137;6595;3
6;136;14523;2
3;137;13067;1
7;137;12016;2
10;136;4737;3
9;138;2545;3
5;138;1130;2
8;138;2054;3
2;138;88;1
10;137;4180;3
6;137;1435;2
7;138;988;2
3;138;1100;1
4;138;1425;2
8;139;2009;3
3;139;5677;1
5;139;8984;2
4;139;5659;2
9;139;1342;3
2;139;849;1
10;138;16903;3
8;140;2392;3
7;140;1885;2
6;138;9701;2
10;139;9537;3
6;139;4445;2
4;140;2009;2
2;140;661;1
3;140;1104;1
5;140;6884;2
9;140;5708;3
3;141;192;1
2;141;149;1
8;141;2229;3
10;140;1754;3
9;141;1456;3
4;141;617;2
5;141;1883;2
6;140;1186;2
7;141;1431;2
7;142;897;2
8;142;1090;3
9;142;1507;3
10;141;1128;3
2;142;488;1
3;142;74;1
4;142;1706;2
6;141;838;2
5;142;1332;2
3;143;933;1
4;143;1398;2
7;143;943;2
5;143;3289;2
6;142;11187;2
10;142;4057;3
7;144;1052;2
8;143;19090;3
2;143;17240;1
9;143;12028;3
2;144;308;1
9;144;4266;3
4;144;5146;2
10;143;1604;3
3;144;6549;1
6;143;2107;2
8;144;18290;3
5;144;10509;2
2;145;379;1
6;144;1379;2
9;145;7426;3
8;145;11404;3
7;145;11732;2
3;145;2268;1
5;145;791;2
4;145;1204;2
10;144;2214;3
4;146;1880;2
9;146;1857;3
7;146;1759;2
3;146;623;1
6;145;712;2
10;145;5600;3
5;146;1914;2
2;146;418;1
8;146;2326;3
5;147;606;2
4;147;1813;2
8;147;2048;3
7;147;5309;2
9;147;8455;3
2;147;468;1
6;146;1141;2
3;147;494;1
10;146;5474;3
7;148;1956;2
9;148;1560;3
2;148;433;1
5;148;636;2
4;148;1005;2
10;147;592;3
8;148;2384;3
3;148;615;1
6;147;3234;2
8;149;4826;3
10;148;1805;3
7;149;825;2
4;149;1991;2
3;149;789;1
2;149;80;1
9;149;1212;3
5;149;883;2
9;150;1726;3
5;150;1571;2
8;150;2226;3
4;150;1246;2
6;148;23025;2
10;149;19728;3
7;150;13134;2
2;150;167;1
3;150;931;1
3;151;364;1
6;150;871;2
5;151;1093;2
9;151;2678;3
7;151;1649;2
10;150;2100;3
4;151;7549;2
2;151;772;1
8;151;1374;3
6;151;1342;2
4;152;1714;2
9;152;2227;3
3;152;1401;1
7;152;3164;2
5;152;606;2
2;152;1779;1
10;151;5692;3
4;153;9905;2
7;153;16548;2
5;153;14201;2
9;153;8941;3
6;152;4352;2
10;152;9133;3
3;153;3007;1
8;153;16282;3
2;153;11974;1
2;154;844;1
4;154;401;2
6;153;5462;2
7;154;6155;2
9;154;11994;3
5;154;8000;2
3;154;2235;1
10;153;6251;3
4;155;5011;2
5;155;5612;2
10;154;15495;3
2;155;7183;1
3;155;10101;1
7;155;9359;2
8;155;22462;3
5;156;4135;2
6;154;17524;2
3;156;1193;1
4;156;1062;2
10;155;17086;3
2;156;197;1
6;155;4972;2
8;156;1716;3
7;156;16379;2
6;156;910;2
9;156;17979;3
10;156;2740;3
8;157;3498;3
9;157;5045;3
4;157;1838;2
7;157;1478;2
3;157;1263;1
5;157;1853;2
2;157;848;1
10;157;1531;3
8;158;1517;3
3;158;410;1
6;157;5905;2
4;158;8565;2
9;158;3979;3
2;158;549;1
7;158;1770;2
5;158;841;2
2;159;826;1
8;159;2301;3
7;159;319;2
6;158;1032;2
5;159;596;2
4;159;1482;2
9;159;3394;3
10;158;7024;3
3;159;4705;1
2;160;2653;1
7;160;3793;2
10;159;1263;3
3;160;764;1
6;159;3945;2
5;160;688;2
8;160;1593;3
9;160;1243;3
4;160;1228;2
4;161;1296;2
6;160;843;2
8;161;1749;3
5;161;1249;2
9;161;1439;3
3;161;866;1
7;161;10280;2
2;161;369;1
10;160;13985;3
6;161;1362;2
8;162;15559;3
3;162;20983;1
7;162;16087;2
10;161;17155;3
4;162;19019;2
5;162;19543;2
2;162;12995;1
10;162;11342;3
7;163;5532;2
6;162;1285;2
8;163;24243;3
4;163;22200;2
9;163;22960;3
2;163;15889;1
2;164;320;1
9;164;8467;3
10;163;1614;3
6;163;1168;2
8;164;9654;3
5;164;1466;2
4;164;395;2
3;163;15871;1
7;164;14124;2
2;165;439;1
5;165;3110;2
10;164;4453;3
4;165;6693;2
8;165;6759;3
6;164;11135;2
3;164;6175;1
9;165;1271;3
7;165;2937;2
9;166;1032;3
4;166;458;2
8;166;2572;3
7;166;6946;2
5;166;3901;2
2;166;3992;1
6;165;16771;2
10;165;13026;3
3;165;4366;1
9;167;1970;3
3;166;830;1
5;167;1379;2
2;167;529;1
6;166;3522;2
10;166;6269;3
8;167;1717;3
4;167;3518;2
2;168;3744;1
7;167;9823;2
10;167;2136;3
7;168;493;2
9;168;2006;3
5;168;6586;2
8;168;8764;3
4;168;8113;2
6;167;12486;2
9;169;4923;3
4;169;2324;2
2;169;2432;1
7;169;2985;2
3;168;3684;1
8;169;6772;3
5;169;5319;2
6;168;8720;2
10;168;5536;3
3;169;48;1
5;170;1517;2
9;170;2321;3
7;170;1700;2
4;170;1019;2
2;170;491;1
8;170;1312;3
10;169;2048;3
6;169;3597;2
4;171;983;2
8;171;1874;3
7;171;7742;2
6;170;9760;2
2;171;369;1
10;170;1364;3
9;171;7205;3
5;171;4686;2
3;170;7388;1
3;171;579;1
10;171;840;3
2;172;317;1
4;172;824;2
7;172;1311;2
8;172;1258;3
5;172;1434;2
6;171;825;2
9;172;1751;3
2;173;449;1
10;172;1924;3
3;172;403;1
6;172;1184;2
8;173;6795;3
7;173;7452;2
9;173;17860;3
5;173;6160;2
4;173;7893;2
4;174;1994;2
9;174;1181;3
6;173;983;2
8;174;1298;3
10;173;2087;3
2;174;205;1
5;174;1168;2
7;174;1768;2
3;173;149;1
2;175;904;1
8;175;2246;3
6;174;2584;2
4;175;1970;2
3;174;1068;1
7;175;10308;2
5;175;8028;2
9;175;10969;3
2;176;3535;1
5;176;9643;2
6;175;15135;2
3;175;2772;1
7;176;9351;2
10;175;4145;3
9;176;24912;3
4;176;10926;2
8;176;2474;3
9;177;1168;3
5;177;425;2
2;177;189;1
7;177;1741;2
6;176;3058;2
10;176;4335;3
3;176;3504;1
4;177;9259;2
7;178;5634;2
8;177;13995;3
2;178;9163;1
9;178;5523;3
6;177;893;2
10;177;5839;3
4;178;1110;2
5;178;1242;2
8;178;7496;3
3;177;4695;1
8;179;8439;3
3;178;9865;1
2;179;7058;1
7;179;9384;2
6;178;11853;2
10;178;4218;3
9;179;10278;3
5;179;6692;2
4;179;552;2
5;180;1764;2
7;180;3276;2
9;180;4069;3
2;180;1724;1
3;179;3074;1
10;179;3611;3
4;180;1210;2
8;180;1687;3
6;179;2277;2
7;181;2908;2
3;180;262;1
8;181;2153;3
9;181;2431;3
6;180;1265;2
4;181;1686;2
5;181;1708;2
10;180;17664;3
8;182;5132;3
2;182;3375;1
5;182;4334;2
3;181;12513;1
7;182;5197;2
9;182;2780;3
10;181;6154;3
4;182;980;2
6;181;2165;2
6;182;480;2
9;183;1363;3
10;182;1823;3
3;182;3560;1
2;183;4014;1
7;183;495;2
5;183;582;2
4;183;689;2
8;183;1021;3
3;183;364;1
10;183;3180;3
2;184;639;1
7;184;1107;2
9;184;7163;3
8;184;1193;3
4;184;309;2
5;184;2599;2
6;183;1394;2
10;184;4328;3
6;184;2247;2
8;185;8702;3
9;185;9127;3
5;185;7603;2
2;185;3021;1
7;185;16984;2
3;184;8250;1
4;185;4245;2
8;186;1068;3
3;185;2983;1
10;185;4112;3
4;186;1435;2
2;186;1429;1
7;186;239;2
9;186;1574;3
5;186;754;2
6;185;1611;2
10;186;5547;3
8;187;4555;3
4;187;4638;2
5;187;5476;2
7;187;4240;2
3;186;1433;1
9;187;20974;3
2;187;2640;1
10;187;1777;3
7;188;499;2
6;187;1003;2
8;188;2254;3
3;187;906;1
4;188;1880;2
2;188;496;1
5;188;11871;2
9;188;13901;3
4;189;2370;2
9;189;3762;3
3;188;15974;1
6;188;1662;2
2;189;2346;1
7;189;7385;2
5;189;10140;2
10;188;3767;3
8;189;17710;3
6;189;1314;2
10;189;16567;3
8;190;20260;3
4;190;20812;2
9;190;25519;3
3;189;20351;1
3;190;16299;1
6;190;16813;2
10;190;11198;3
7;191;8599;2
3;191;1199;1
6;191;18984;2
7;192;18293;2
10;191;10541;3
3;192;3298;1
10;192;4398;3
7;193;672;2
6;192;579;2
3;193;254;1
6;193;1398;2
10;193;2266;3
7;194;668;2
6;194;531;2
3;194;1089;1
10;194;682;3
7;195;842;2
10;195;2521;3
7;196;1159;2
3;195;734;1
6;195;502;2
10;196;836;3
7;197;2097;2
6;196;1236;2
3;196;968;1
3;197;1018;1
7;198;705;2
6;197;4915;2
2;198;812;1
2;199;2795;1
5;198;7449;2
8;198;9201;3
7;199;6308;2
6;198;3937;2
4;198;20750;2
8;199;4157;3
3;198;4268;1
4;199;859;2
5;200;4430;2
10;198;8740;3
6;199;4807;2
2;200;979;1
8;200;1936;3
4;200;7534;2
3;199;7773;1
10;199;5591;3
7;200;1437;2
9;200;2391;3
8;201;4458;3
4;201;484;2
9;201;4387;3
6;200;1050;2
5;201;1149;2
3;200;392;1
7;201;810;2
2;201;1095;1
10;200;1092;3
4;202;1962;2
2;202;503;1
7;202;1096;2
8;202;7852;3
9;202;8158;3
6;201;430;2
3;201;789;1
10;201;4575;3
2;203;3172;1
5;203;3323;2
3;202;3584;1
4;203;4884;2
6;202;641;2
9;203;9366;3
8;203;9975;3
7;203;15245;2
10;202;4587;3
3;203;4047;1
8;204;5232;3
2;204;3912;1
4;204;6273;2
9;204;2439;3
7;204;17973;2
5;204;6834;2
10;203;19152;3
6;203;8794;2
5;205;3304;2
8;205;7932;3
2;205;196;1
10;204;12514;3
6;204;15140;2
3;204;3198;1
7;205;3445;2
7;206;3032;2
9;205;17798;3
4;205;12357;2
2;206;4867;1
10;205;9148;3
6;205;4468;2
3;205;1042;1
8;206;22531;3
5;206;23534;2
4;206;11650;2
9;207;5405;3
2;207;1349;1
4;207;4080;2
3;206;15173;1
10;206;5820;3
7;207;9455;2
6;206;614;2
5;207;17682;2
8;207;7641;3
8;208;2255;3
10;207;2148;3
5;208;955;2
4;208;1696;2
2;208;1366;1
9;208;2440;3
6;207;2166;2
3;207;683;1
7;208;4065;2
7;209;2878;2
10;208;2696;3
3;208;746;1
9;209;25468;3
5;209;20387;2
2;209;16939;1
4;209;24713;2
6;208;8166;2
3;209;6400;1
8;210;1804;3
2;210;4825;1
10;209;7321;3
9;210;1775;3
4;210;995;2
6;209;1777;2
7;210;2777;2
5;210;8067;2
8;211;8136;3
9;211;11555;3
2;211;220;1
5;211;1937;2
10;210;2072;3
3;210;745;1
4;211;1598;2
6;210;3659;2
7;211;1334;2
2;212;15834;1
5;212;10536;2
9;212;16635;3
3;211;22851;1
8;212;44133;3
4;212;38553;2
4;213;32615;2
2;213;30650;1
5;214;8041;2
8;214;12865;3
9;214;2087;3
4;214;1402;2
2;214;235;1
3;213;571;1
2;215;204;1
8;215;8032;3
3;214;10917;1
5;215;17914;2
7;215;12486;2
3;215;48;1
5;216;1102;2
8;216;4947;3
10;214;29290;3
7;216;8996;2
4;216;18340;2
6;214;39013;2
9;216;21700;3
2;216;12051;1
5;217;1089;2
9;217;2511;3
4;217;979;2
2;217;54;1
8;217;1754;3
2;218;1207;1
6;215;57443;2
5;218;6712;2
3;216;42942;1
10;216;28109;3
10;217;23365;3
3;217;2471;1
9;218;16710;3
4;218;16109;2
8;218;17876;3
9;219;7036;3
6;217;21813;2
3;218;4928;1
5;219;9317;2
6;218;19132;2
7;218;34695;2
2;219;19716;1
4;219;20797;2
8;219;8170;3
7;219;13879;2
10;218;14144;3
2;220;2906;1
3;219;11230;1
10;219;9300;3
9;220;17123;3
7;220;5089;2
7;221;5546;2
8;220;18259;3
5;220;25566;2
3;220;10409;1
10;220;12556;3
6;220;8157;2
10;221;1857;3
8;221;36409;3
7;222;4212;2
6;221;5060;2
9;221;33564;3
4;221;25396;2
8;222;5802;3
5;222;663;2
2;222;836;1
3;221;134;1
9;222;2152;3
10;222;4337;3
5;223;9511;2
9;223;4128;3
8;223;4399;3
4;223;3606;2
7;223;2499;2
3;222;266;1
2;223;963;1
4;224;1743;2
2;224;468;1
6;222;1347;2
5;224;1063;2
3;223;471;1
8;224;911;3
9;224;11585;3
2;225;3656;1
7;224;16173;2
10;223;12687;3
7;225;10390;2
3;224;1286;1
5;225;2974;2
6;223;6471;2
9;225;1616;3
4;225;970;2
8;225;5130;3
2;226;625;1
4;226;3680;2
9;226;3563;3
5;226;3662;2
8;226;3429;3
5;227;742;2
8;227;2006;3
2;227;830;1
4;227;5266;2
9;227;3392;3
2;228;1026;1
4;228;2176;2
5;228;6715;2
9;228;9813;3
8;229;13356;3
2;229;16673;1
4;229;14635;2
9;229;15117;3
5;229;876;2
8;230;4229;3
3;228;18027;1
6;227;18440;2
10;228;15223;3
7;229;17224;2
10;229;1838;3
4;230;4577;2
2;230;2139;1
3;229;632;1
5;230;994;2
7;230;3361;2
9;230;5010;3
7;231;5583;2
6;229;2143;2
2;231;10308;1
5;231;8273;2
9;231;6012;3
4;231;3485;2
3;230;667;1
8;231;881;3
10;230;1468;3
6;230;2007;2
5;232;1457;2
3;231;114;1
8;232;6457;3
9;232;5199;3
4;232;1062;2
2;232;270;1
10;231;2737;3
7;232;1072;2
9;233;3420;3
7;233;3255;2
8;233;2367;3
4;233;1252;2
3;232;509;1
5;233;1492;2
2;233;1291;1
6;231;658;2
10;232;1705;3
3;233;1001;1
10;233;1164;3
2;234;791;1
9;234;7984;3
8;234;6421;3
4;234;6452;2
6;232;883;2
7;234;670;2
5;234;7777;2
5;235;2705;2
10;234;5862;3
3;234;8703;1
8;235;6995;3
4;235;8581;2
2;235;6522;1
7;235;24300;2
6;233;22946;2
9;236;13487;3
2;236;11301;1
4;236;2564;2
8;236;5887;3
3;236;4713;1
2;237;6113;1
8;237;955;3
6;234;21677;2
6;235;16903;2
10;236;11107;3
4;237;20372;2
9;237;19671;3
9;238;18328;3
2;238;5711;1
6;236;22060;2
3;237;19409;1
8;239;3340;3
10;237;26411;3
